Workbook

Sheet 구간 표준
A1: 10 금융·핀테크 구간 표준 (국장·미장·일장 공통 순서)
A2: 종목 수는 '종목 목록' 시트에서 자동 집계("탭 밖 이동" 제외). 신규 종목은 종목 목록 시트에 파란색으로 표시.
A4: 순서 | B4: 표준 구간 | C4: 국장 | D4: 미장 | E4: 일장 | F4: 국장 종목 | G4: 미장 종목 | H4: 일장 종목
A5: 1 | B5: 은행 | C5: =COUNTIFS('종목 목록'!$A$2:$A$92,"국장",'종목 목록'!$C$2:$C$92,$B5,'종목 목록'!$H$2:$H$92,"<>탭 밖 이동") -> 11 | D5: =COUNTIFS('종목 목록'!$A$2:$A$92,"미장",'종목 목록'!$C$2:$C$92,$B5,'종목 목록'!$H$2:$H$92,"<>탭 밖 이동") -> 3 | E5: =COUNTIFS('종목 목록'!$A$2:$A$92,"일장",'종목 목록'!$C$2:$C$92,$B5,'종목 목록'!$H$2:$H$92,"<>탭 밖 이동") -> 3 | F5: KB금융, 우리금융지주, 메리츠금융지주, 기업은행, 하나금융지주, 카카오뱅크, 신한지주, BNK금융지주, 제주은행, JB금융지주, iM금융지주 | G5: 뱅크오브아메리카, 제이피모간 체이스, 웰스파고 | H5: 미쓰비시UFJ파이낸셜그룹, 미쓰이스미토모파이낸셜그룹, 미즈호파이낸셜그룹
A6: 2 | B6: 증권 | C6: =COUNTIFS('종목 목록'!$A$2:$A$92,"국장",'종목 목록'!$C$2:$C$92,$B6,'종목 목록'!$H$2:$H$92,"<>탭 밖 이동") -> 14 | D6: =COUNTIFS('종목 목록'!$A$2:$A$92,"미장",'종목 목록'!$C$2:$C$92,$B6,'종목 목록'!$H$2:$H$92,"<>탭 밖 이동") -> 3 | E6: =COUNTIFS('종목 목록'!$A$2:$A$92,"일장",'종목 목록'!$C$2:$C$92,$B6,'종목 목록'!$H$2:$H$92,"<>탭 밖 이동") -> 2 | F6: 미래에셋증권, 삼성증권, 키움증권, NH투자증권, 부국증권, 신영증권, 교보증권, 대신증권, DB증권, 유진투자증권, LS증권, 현대차증권, 한화투자증권, SK증권 | G6: 로빈후드, 찰스 슈왑, 골드만삭스 | H6: 노무라홀딩스, SBI홀딩스
A7: 3 | B7: 손해보험 | C7: =COUNTIFS('종목 목록'!$A$2:$A$92,"국장",'종목 목록'!$C$2:$C$92,$B7,'종목 목록'!$H$2:$H$92,"<>탭 밖 이동") -> 8 | D7: =COUNTIFS('종목 목록'!$A$2:$A$92,"미장",'종목 목록'!$C$2:$C$92,$B7,'종목 목록'!$H$2:$H$92,"<>탭 밖 이동") -> 1 | E7: =COUNTIFS('종목 목록'!$A$2:$A$92,"일장",'종목 목록'!$C$2:$C$92,$B7,'종목 목록'!$H$2:$H$92,"<>탭 밖 이동") -> 1 | F7: 한화손해보험, 흥국화재, 롯데손해보험, 현대해상, 삼성화재, DB손해보험, 서울보증보험, 코리안리 | G7: 처브 | H7: 도쿄해상홀딩스
A8: 4 | B8: 생명보험 | C8: =COUNTIFS('종목 목록'!$A$2:$A$92,"국장",'종목 목록'!$C$2:$C$92,$B8,'종목 목록'!$H$2:$H$92,"<>탭 밖 이동") -> 3 | D8: =COUNTIFS('종목 목록'!$A$2:$A$92,"미장",'종목 목록'!$C$2:$C$92,$B8,'종목 목록'!$H$2:$H$92,"<>탭 밖 이동") -> 1 | E8: =COUNTIFS('종목 목록'!$A$2:$A$92,"일장",'종목 목록'!$C$2:$C$92,$B8,'종목 목록'!$H$2:$H$92,"<>탭 밖 이동") -> 1 | F8: 한화생명, 삼성생명, 미래에셋생명 | G8: 메트라이프 | H8: 다이이치생명홀딩스
A9: 5 | B9: 결제 핀테크 | C9: =COUNTIFS('종목 목록'!$A$2:$A$92,"국장",'종목 목록'!$C$2:$C$92,$B9,'종목 목록'!$H$2:$H$92,"<>탭 밖 이동") -> 11 | D9: =COUNTIFS('종목 목록'!$A$2:$A$92,"미장",'종목 목록'!$C$2:$C$92,$B9,'종목 목록'!$H$2:$H$92,"<>탭 밖 이동") -> 4 | E9: =COUNTIFS('종목 목록'!$A$2:$A$92,"일장",'종목 목록'!$C$2:$C$92,$B9,'종목 목록'!$H$2:$H$92,"<>탭 밖 이동") -> 1 | F9: NHN KCP, 헥토파이낸셜, 아톤, 헥토이노베이션, 다날, 핑거, 쿠콘, 한국정보인증, 카카오페이, 더즌, 삼성카드 | G9: 마스타카드, 비자, 아메리칸 엑스프레스, 페이팔 홀딩스 | H9: GMO페이먼트게이트웨이
A10: 6 | B10: 디지털자산 | C10: =COUNTIFS('종목 목록'!$A$2:$A$92,"국장",'종목 목록'!$C$2:$C$92,$B10,'종목 목록'!$H$2:$H$92,"<>탭 밖 이동") -> 7 | D10: =COUNTIFS('종목 목록'!$A$2:$A$92,"미장",'종목 목록'!$C$2:$C$92,$B10,'종목 목록'!$H$2:$H$92,"<>탭 밖 이동") -> 3 | E10: =COUNTIFS('종목 목록'!$A$2:$A$92,"일장",'종목 목록'!$C$2:$C$92,$B10,'종목 목록'!$H$2:$H$92,"<>탭 밖 이동") -> 1 | F10: 한컴위드, 아이티센글로벌, 형지글로벌, LG씨엔에스, 미투온, 넥써쓰, 우리기술투자 | G10: 스트래티지, 코인베이스 글로벌, 써클 인터넷 그룹 | H10: 모넥스그룹
A11: 7 | B11: 자산운용 투자 | C11: =COUNTIFS('종목 목록'!$A$2:$A$92,"국장",'종목 목록'!$C$2:$C$92,$B11,'종목 목록'!$H$2:$H$92,"<>탭 밖 이동") -> 7 | D11: =COUNTIFS('종목 목록'!$A$2:$A$92,"미장",'종목 목록'!$C$2:$C$92,$B11,'종목 목록'!$H$2:$H$92,"<>탭 밖 이동") -> 3 | E11: =COUNTIFS('종목 목록'!$A$2:$A$92,"일장",'종목 목록'!$C$2:$C$92,$B11,'종목 목록'!$H$2:$H$92,"<>탭 밖 이동") -> 1 | F11: 아주IB투자, 미래에셋벤처투자, DSC인베스트먼트, TS인베스트먼트, 포바이포, 스톤브릿지벤처스, 에이티넘인베스트 | G11: 버크셔 해서웨이 B, 브룩필드, 블랙스톤 | H11: 오릭스
B12: 합계 | C12: =SUM(C5:C11) -> 61 | D12: =SUM(D5:D11) -> 18 | E12: =SUM(E5:E11) -> 10

Sheet 원래 그룹 정리
A1: 불러온 뒤 원래 그룹에서 빼야 할 종목
A3: 시장 | B3: 원래 위치 | C3: 종목명 | D3: 옮겨간 곳
A4: 국장 | B4: sw / 스테이블코인 | C4: NHN KCP | D4: 10 금융·핀테크 / 결제 핀테크
A5: 국장 | B5: sw / 스테이블코인 | C5: 헥토파이낸셜 | D5: 10 금융·핀테크 / 결제 핀테크
A6: 국장 | B6: sw / 스테이블코인 | C6: 아톤 | D6: 10 금융·핀테크 / 결제 핀테크
A7: 국장 | B7: sw / 스테이블코인 | C7: 헥토이노베이션 | D7: 10 금융·핀테크 / 결제 핀테크
A8: 국장 | B8: sw / 스테이블코인 | C8: 다날 | D8: 10 금융·핀테크 / 결제 핀테크
A9: 국장 | B9: sw / 스테이블코인 | C9: 핑거 | D9: 10 금융·핀테크 / 결제 핀테크
A10: 국장 | B10: sw / 스테이블코인 | C10: 쿠콘 | D10: 10 금융·핀테크 / 결제 핀테크
A11: 국장 | B11: sw / 스테이블코인 | C11: 한국정보인증 | D11: 10 금융·핀테크 / 결제 핀테크
A12: 국장 | B12: sw / 스테이블코인 | C12: 카카오페이 | D12: 10 금융·핀테크 / 결제 핀테크
A13: 국장 | B13: sw / 스테이블코인 | C13: 더즌 | D13: 10 금융·핀테크 / 결제 핀테크
A14: 국장 | B14: sw / 스테이블코인 | C14: 한컴위드 | D14: 10 금융·핀테크 / 디지털자산
... A23: 미장 | B23: 미국 에너지 / 풍력 | C23: 브룩필드 | D23: 10 금융·핀테크 / 자산운용 투자

Sheet 종목 목록
A1: 시장 | B1: 구간 순서 | C1: 표준 구간 | D1: 원래 위치 (탭 / 구간) | E1: 종목명 | F1: 종목코드/티커 | G1: 영웅문 코드 | H1: 상태 | I1: 메모
A2: 국장 | B2: 1 | C2: 은행 | D2: 금융 / 은행 | E2: KB금융 | F2: 105560 | G2: 105560 | H2: 유지
A3: 국장 | B3: 1 | C3: 은행 | D3: 금융 / 은행 | E3: 우리금융지주 | F3: 316140 | G3: 316140 | H3: 유지
A4: 국장 | B4: 1 | C4: 은행 | D4: 금융 / 은행 | E4: 메리츠금융지주 | F4: 138040 | G4: 138040 | H4: 유지 | I4: 보험·증권 중심 금융지주
A5: 국장 | B5: 1 | C5: 은행 | D5: 금융 / 은행 | E5: 기업은행 | F5: 024110 | G5: 024110 | H5: 유지
A6: 국장 | B6: 1 | C6: 은행 | D6: 금융 / 은행 | E6: 하나금융지주 | F6: 086790 | G6: 086790 | H6: 유지
A7: 국장 | B7: 1 | C7: 은행 | D7: 금융 / 은행 | E7: 카카오뱅크 | F7: 323410 | G7: 323410 | H7: 유지 | I7: 인터넷은행
A8: 국장 | B8: 1 | C8: 은행 | D8: 금융 / 은행 | E8: 신한지주 | F8: 055550 | G8: 055550 | H8: 유지
A9: 국장 | B9: 1 | C9: 은행 | D9: 금융 / 은행 | E9: BNK금융지주 | F9: 138930 | G9: 138930 | H9: 유지
A10: 국장 | B10: 1 | C10: 은행 | D10: 금융 / 은행 | E10: 제주은행 | F10: 006220 | G10: 006220 | H10: 유지
A11: 국장 | B11: 1 | C11: 은행 | D11: 금융 / 은행 | E11: JB금융지주 | F11: 175330 | G11: 175330 | H11: 유지
A12: 국장 | B12: 1 | C12: 은행 | D12: 금융 / 은행 | E12: iM금융지주 | F12: 139130 | G12: 139130 | H12: 유지
A13: 국장 | B13: 2 | C13: 증권 | D13: 금융 / 증권 | E13: 미래에셋증권 | F13: 006800 | G13: 006800 | H13: 유지
A14: 국장 | B14: 2 | C14: 증권 | D14: 금융 / 증권 | E14: 삼성증권 | F14: 016360 | G14: 016360 | H14: 유지
A15: 국장 | B15: 2 | C15: 증권 | D15: 금융 / 증권 | E15: 키움증권 | F15: 039490 | G15: 039490 | H15: 유지
A16: 국장 | B16: 2 | C16: 증권 | D16: 금융 / 증권 | E16: NH투자증권 | F16: 005940 | G16: 005940 | H16: 유지
A17: 국장 | B17: 2 | C17: 증권 | D17: 금융 / 증권 | E17: 부국증권 | F17: 001270 | G17: 001270 | H17: 유지
A18: 국장 | B18: 2 | C18: 증권 | D18: 금융 / 증권 | E18: 신영증권 | F18: 001720 | G18: 001720 | H18: 유지
A19: 국장 | B19: 2 | C19: 증권 | D19: 금융 / 증권 | E19: 교보증권 | F19: 030610 | G19: 030610 | H19: 유지
... A24: 국장 | B24: 2 | C24: 증권 | D24: 금융 / 증권 | E24: 현대차증권 | F24: 001500 | G24: 001500 | H24: 유지
A25: 국장 | B25: 2 | C25: 증권 | D25: 금융 / 증권 | E25: 한화투자증권 | F25: 003530 | G25: 003530 | H25: 유지 | I25: 두나무 지분 보유 (코인 연동)
A26: 국장 | B26: 2 | C26: 증권 | D26: 금융 / 증권 | E26: SK증권 | F26: 001510 | G26: 001510 | H26: 유지
A27: 국장 | B27: 3 | C27: 손해보험 | D27: 금융 / 보험 | E27: 한화손해보험 | F27: 000370 | G27: 000370 | H27: 유지
A28: 국장 | B28: 3 | C28: 손해보험 | D28: 금융 / 보험 | E28: 흥국화재 | F28: 000540 | G28: 000540 | H28: 유지
A29: 국장 | B29: 3 | C29: 손해보험 | D29: 금융 / 보험 | E29: 롯데손해보험 | F29: 000400 | G29: 000400 | H29: 유지
A30: 국장 | B30: 3 | C30: 손해보험 | D30: 금융 / 보험 | E30: 현대해상 | F30: 001450 | G30: 001450 | H30: 유지
A31: 국장 | B31: 3 | C31: 손해보험 | D31: 금융 / 보험 | E31: 삼성화재 | F31: 000810 | G31: 000810 | H31: 유지
A32: 국장 | B32: 3 | C32: 손해보험 | D32: 금융 / 보험 | E32: DB손해보험 | F32: 005830 | G32: 005830 | H32: 유지
A33: 국장 | B33: 3 | C33: 손해보험 | D33: 금융 / 보험 | E33: 서울보증보험 | F33: 031210 | G33: 031210 | H33: 유지 | I33: 보증보험
A34: 국장 | B34: 3 | C34: 손해보험 | D34: 금융 / 보험 | E34: 코리안리 | F34: 003690 | G34: 003690 | H34: 유지 | I34: 재보험
A35: 국장 | B35: 4 | C35: 생명보험 | D35: 금융 / 보험(생명) | E35: 한화생명 | F35: 088350 | G35: 088350 | H35: 유지
A36: 국장 | B36: 4 | C36: 생명보험 | D36: 금융 / 보험(생명) | E36: 삼성생명 | F36: 032830 | G36: 032830 | H36: 유지
A37: 국장 | B37: 4 | C37: 생명보험 | D37: 금융 / 보험(생명) | E37: 미래에셋생명 | F37: 085620 | G37: 085620 | H37: 유지
A38: 국장 | B38: 5 | C38: 결제 핀테크 | D38: sw / 스테이블코인 | E38: NHN KCP | F38: 060250 | G38: 060250 | H38: 추가 | I38: SW 탭 스테이블코인에서 이동
A39: 국장 | B39: 5 | C39: 결제 핀테크 | D39: sw / 스테이블코인 | E39: 헥토파이낸셜 | F39: 234340 | G39: 234340 | H39: 추가 | I39: SW 탭 스테이블코인에서 이동
A40: 국장 | B40: 5 | C40: 결제 핀테크 | D40: sw / 스테이블코인 | E40: 아톤 | F40: 158430 | G40: 158430 | H40: 추가 | I40: SW 탭 스테이블코인에서 이동
A41: 국장 | B41: 5 | C41: 결제 핀테크 | D41: sw / 스테이블코인 | E41: 헥토이노베이션 | F41: 214180 | G41: 214180 | H41: 추가 | I41: SW 탭 스테이블코인에서 이동
A42: 국장 | B42: 5 | C42: 결제 핀테크 | D42: sw / 스테이블코인 | E42: 다날 | F42: 064260 | G42: 064260 | H42: 추가 | I42: SW 탭 스테이블코인에서 이동
A43: 국장 | B43: 5 | C43: 결제 핀테크 | D43: sw / 스테이블코인 | E43: 핑거 | F43: 163730 | G43: 163730 | H43: 추가 | I43: SW 탭 스테이블코인에서 이동
A44: 국장 | B44: 5 | C44: 결제 핀테크 | D44: sw / 스테이블코인 | E44: 쿠콘 | F44: 294570 | G44: 294570 | H44: 추가 | I44: SW 탭 스테이블코인에서 이동
A45: 국장 | B45: 5 | C45: 결제 핀테크 | D45: sw / 스테이블코인 | E45: 한국정보인증 | F45: 053300 | G45: 053300 | H45: 추가 | I45: SW 탭 스테이블코인에서 이동
A46: 국장 | B46: 5 | C46: 결제 핀테크 | D46: sw / 스테이블코인 | E46: 카카오페이 | F46: 377300 | G46: 377300 | H46: 추가 | I46: SW 탭 스테이블코인에서 이동
A47: 국장 | B47: 5 | C47: 결제 핀테크 | D47: sw / 스테이블코인 | E47: 더즌 | F47: 462860 | G47: 462860 | H47: 추가 | I47: SW 탭 스테이블코인에서 이동
A48: 국장 | B48: 5 | C48: 결제 핀테크 | D48: 신규 / (신규) | E48: 삼성카드 | F48: 029780 | G48: 029780 | H48: 신규 | I48: 카드사, 비자·마스터카드의 짝
A49: 국장 | B49: 6 | C49: 디지털자산 | D49: sw / 스테이블코인 | E49: 한컴위드 | F49: 054920 | G49: 054920 | H49: 추가 | I49: SW 탭 스테이블코인에서 이동
... A55: 국장 | B55: 6 | C55: 디지털자산 | D55: sw / 스테이블코인 | E55: 우리기술투자 | F55: 041190 | G55: 041190 | H55: 추가 | I55: SW 탭 스테이블코인에서 이동, 두나무(업비트) 지분 보유, 코인베이스와 연동
A56: 국장 | B56: 7 | C56: 자산운용 투자 | D56: 금융 / 창투사 | E56: 아주IB투자 | F56: 027360 | G56: 027360 | H56: 유지
A57: 국장 | B57: 7 | C57: 자산운용 투자 | D57: 금융 / 창투사 | E57: 미래에셋벤처투자 | F57: 100790 | G57: 100790 | H57: 유지
A58: 국장 | B58: 7 | C58: 자산운용 투자 | D58: 금융 / 창투사 | E58: DSC인베스트먼트 | F58: 241520 | G58: 241520 | H58: 유지
A59: 국장 | B59: 7 | C59: 자산운용 투자 | D59: 금융 / 창투사 | E59: TS인베스트먼트 | F59: 246690 | G59: 246690 | H59: 유지
A60: 국장 | B60: 7 | C60: 자산운용 투자 | D60: 금융 / 창투사 | E60: 포바이포 | F60: 389140 | G60: 389140 | H60: 유지 | I60: 확인 필요: AI 영상 업체로 알려짐
A61: 국장 | B61: 7 | C61: 자산운용 투자 | D61: 금융 / 창투사 | E61: 스톤브릿지벤처스 | F61: 330730 | G61: 330730 | H61: 유지
A62: 국장 | B62: 7 | C62: 자산운용 투자 | D62: 금융 / 창투사 | E62: 에이티넘인베스트 | F62: 021080 | G62: 021080 | H62: 유지
A63: 국장 | C63: (09 SW로 이동) | D63: sw / 스테이블코인 | E63: NAVER | F63: 035420 | G63: 035420 | H63: 탭 밖 이동 | I63: 대형 플랫폼 → 09 SW 플랫폼 구간
A64: 국장 | C64: (09 SW로 이동) | D64: sw / 스테이블코인 | E64: 카카오 | F64: 035720 | G64: 035720 | H64: 탭 밖 이동 | I64: 대형 플랫폼 → 09 SW 플랫폼 구간
A65: 미장 | B65: 1 | C65: 은행 | D65: 미국 금융 / 은행 | E65: 뱅크오브아메리카 | F65: BAC | G65: NYBAC | H65: 유지
A66: 미장 | B66: 1 | C66: 은행 | D66: 미국 금융 / 은행 | E66: 제이피모간 체이스 | F66: JPM | G66: NYJPM | H66: 유지
A67: 미장 | B67: 1 | C67: 은행 | D67: 미국 금융 / 은행 | E67: 웰스파고 | F67: WFC | G67: NYWFC | H67: 유지
A68: 미장 | B68: 2 | C68: 증권 | D68: 미국 금융 / 코인 | E68: 로빈후드 | F68: HOOD | G68: NDHOOD | H68: 구간 이동 | I68: 리테일 증권, 코인 거래도 함 (키움증권 짝)
A69: 미장 | B69: 2 | C69: 증권 | D69: 월가 포트폴리오 / (구간없음) | E69: 찰스 슈왑 | F69: SCHW | G69: NYSCHW | H69: 추가 | I69: 월가 포트폴리오 탭과 의도적 중복
A70: 미장 | B70: 2 | C70: 증권 | D70: 신규 / (신규) | E70: 골드만삭스 | F70: GS | G70: NYGS | H70: 신규 | I70: 투자은행, 미래에셋·삼성증권 짝
A71: 미장 | B71: 3 | C71: 손해보험 | D71: 미국 금융 / 보험 | E71: 처브 | F71: CB | G71: NYCB | H71: 유지 | I71: 손해보험
A72: 미장 | B72: 4 | C72: 생명보험 | D72: 신규 / (신규) | E72: 메트라이프 | F72: MET | G72: NYMET | H72: 신규 | I72: 삼성생명·한화생명 짝
A73: 미장 | B73: 5 | C73: 결제 핀테크 | D73: 미국 금융 / 카드 | E73: 마스타카드 | F73: MA | G73: NYMA | H73: 유지
A74: 미장 | B74: 5 | C74: 결제 핀테크 | D74: 미국 금융 / 카드 | E74: 비자 | F74: V | G74: NYV | H74: 유지
A75: 미장 | B75: 5 | C75: 결제 핀테크 | D75: 미국 금융 / 카드 | E75: 아메리칸 엑스프레스 | F75: AXP | G75: NYAXP | H75: 유지
A76: 미장 | B76: 5 | C76: 결제 핀테크 | D76: 신규 / (신규) | E76: 페이팔 홀딩스 | F76: PYPL | G76: NDPYPL | H76: 신규 | I76: 카카오페이·NHN KCP 짝
A77: 미장 | B77: 6 | C77: 디지털자산 | D77: 미국 금융 / 코인 | E77: 스트래티지 | F77: MSTR | G77: NDMSTR | H77: 유지 | I77: 비트코인 보유
A78: 미장 | B78: 6 | C78: 디지털자산 | D78: 미국 금융 / 코인 | E78: 코인베이스 글로벌 | F78: COIN | G78: NDCOIN | H78: 유지 | I78: 우리기술투자·한화투자증권 짝
A79: 미장 | B79: 6 | C79: 디지털자산 | D79: 미국 금융 / 코인 | E79: 써클 인터넷 그룹 | F79: CRCL | G79: NYCRCL | H79: 유지 | I79: 스테이블코인 USDC 발행사
A80: 미장 | B80: 7 | C80: 자산운용 투자 | D80: 미국 금융 / 보험 | E80: 버크셔 해서웨이 B | F80: BRKb | G80: NYBRKb | H80: 구간 이동 | I80: 투자 지주, 보험 구간에서 이동
A81: 미장 | B81: 7 | C81: 자산운용 투자 | D81: 미국 에너지 / 풍력 | E81: 브룩필드 | F81: BN | G81: NYBN | H81: 추가 | I81: 에너지 탭에서 이동, 투자형 지주사
A82: 미장 | B82: 7 | C82: 자산운용 투자 | D82: 신규 / (신규) | E82: 블랙스톤 | F82: BX | G82: NYBX | H82: 신규 | I82: 대체투자 운용사
A83: 일장 | B83: 1 | C83: 은행 | D83: 신규 / (신규) | E83: 미쓰비시UFJ파이낸셜그룹 | F83: 08306 | G83: W08306 | H83: 신규 | I83: KB금융·신한지주 짝
A84: 일장 | B84: 1 | C84: 은행 | D84: 신규 / (신규) | E84: 미쓰이스미토모파이낸셜그룹 | F84: 08316 | G84: W08316 | H84: 신규
A85: 일장 | B85: 1 | C85: 은행 | D85: 신규 / (신규) | E85: 미즈호파이낸셜그룹 | F85: 08411 | G85: W08411 | H85: 신규
A86: 일장 | B86: 2 | C86: 증권 | D86: 신규 / (신규) | E86: 노무라홀딩스 | F86: 08604 | G86: W08604 | H86: 신규 | I86: 미래에셋증권 짝
A87: 일장 | B87: 2 | C87: 증권 | D87: 신규 / (신규) | E87: SBI홀딩스 | F87: 08473 | G87: W08473 | H87: 신규 | I87: 온라인 증권, 코인 사업 병행 (키움증권 짝)
A88: 일장 | B88: 3 | C88: 손해보험 | D88: 신규 / (신규) | E88: 도쿄해상홀딩스 | F88: 08766 | G88: W08766 | H88: 신규 | I88: 삼성화재·DB손해보험 짝
A89: 일장 | B89: 4 | C89: 생명보험 | D89: 신규 / (신규) | E89: 다이이치생명홀딩스 | F89: 08750 | G89: W08750 | H89: 신규 | I89: 삼성생명 짝
A90: 일장 | B90: 5 | C90: 결제 핀테크 | D90: 신규 / (신규) | E90: GMO페이먼트게이트웨이 | F90: 03769 | G90: W03769 | H90: 신규 | I90: PG, NHN KCP 짝
A91: 일장 | B91: 6 | C91: 디지털자산 | D91: 신규 / (신규) | E91: 모넥스그룹 | F91: 08698 | G91: W08698 | H91: 신규 | I91: 코인체크 모회사
A92: 일장 | B92: 7 | C92: 자산운용 투자 | D92: 신규 / (신규) | E92: 오릭스 | F92: 08591 | G92: W08591 | H92: 신규 | I92: BN과 비슷한 투자형 금융지주
